{
   "name": "Root",
   "children": [
   {
      "name": "RootPackage",
      "content": "",
      "children": [
      {
         "name": "Package",
         "content": "unnamed package",
         "children": [
         {
            "name": "Class",
            "content": "Mini",
            "code": "(/Users/JMG/workspace/COMPPROJ/src/mini.java:1)",
            "children": [
            {
               "name": "Constructor",
               "content": "Mini()",
               "code": "(/Users/JMG/workspace/COMPPROJ/src/mini.java:1)",
               "children": [
               {
                  "name": "Block",
                  "code": "(/Users/JMG/workspace/COMPPROJ/src/mini.java:1)",
                  "children": [
                  {
                     "name": "Invocation",
                     "code": "(/Users/JMG/workspace/COMPPROJ/src/mini.java:1)",
                     "children": [
                     {
                        "name": "TypeReference",
                        "content": "Object",
                        "children": [
                        {
                           "name": "PackageReference",
                           "content": "java.lang",
                           "children": []
                        }]
                     },
                     {
                        "name": "ExecutableReference",
                        "content": "<init>",
                        "children": [
                        {
                           "name": "TypeReference",
                           "content": "Object",
                           "children": [
                           {
                              "name": "PackageReference",
                              "content": "java.lang",
                              "children": []
                           }]
                        },
                        {
                           "name": "TypeReference",
                           "content": "Object",
                           "children": [
                           {
                              "name": "PackageReference",
                              "content": "java.lang",
                              "children": []
                           }]
                        }]
                     }]
                  }]
               }]
            },
            {
               "name": "Method",
               "content": "myFunction",
               "code": "(/Users/JMG/workspace/COMPPROJ/src/mini.java:2)",
               "children": [
               {
                  "name": "TypeReference",
                  "content": "long",
                  "children": []
               },
               {
                  "name": "Block",
                  "children": [
                  {
                     "name": "LocalVariable",
                     "content": "a",
                     "code": "(/Users/JMG/workspace/COMPPROJ/src/mini.java:3)",
                     "children": [
                     {
                        "name": "TypeReference",
                        "content": "int",
                        "children": []
                     },
                     {
                        "name": "Literal",
                        "content": "3",
                        "code": "(/Users/JMG/workspace/COMPPROJ/src/mini.java:3)",
                        "children": [
                        {
                           "name": "TypeReference",
                           "content": "int",
                           "children": []
                        }]
                     }]
                  },
                  {
                     "name": "LocalVariable",
                     "content": "b",
                     "code": "(/Users/JMG/workspace/COMPPROJ/src/mini.java:4)",
                     "children": [
                     {
                        "name": "TypeReference",
                        "content": "long",
                        "children": []
                     },
                     {
                        "name": "Literal",
                        "content": "2L",
                        "code": "(/Users/JMG/workspace/COMPPROJ/src/mini.java:4)",
                        "children": [
                        {
                           "name": "TypeReference",
                           "content": "long",
                           "children": []
                        }]
                     }]
                  },
                  {
                     "name": "LocalVariable",
                     "content": "c",
                     "code": "(/Users/JMG/workspace/COMPPROJ/src/mini.java:5)",
                     "children": [
                     {
                        "name": "TypeReference",
                        "content": "long",
                        "children": []
                     },
                     {
                        "name": "BinaryOperator",
                        "content": "*",
                        "code": "(/Users/JMG/workspace/COMPPROJ/src/mini.java:5)",
                        "children": [
                        {
                           "name": "TypeReference",
                           "content": "long",
                           "children": []
                        },
                        {
                           "name": "VariableRead",
                           "code": "(/Users/JMG/workspace/COMPPROJ/src/mini.java:5)",
                           "children": [
                           {
                              "name": "TypeReference",
                              "content": "int",
                              "children": []
                           },
                           {
                              "name": "LocalVariableReference",
                              "content": "a",
                              "children": [
                              {
                                 "name": "TypeReference",
                                 "content": "int",
                                 "children": []
                              }]
                           }]
                        },
                        {
                           "name": "VariableRead",
                           "code": "(/Users/JMG/workspace/COMPPROJ/src/mini.java:5)",
                           "children": [
                           {
                              "name": "TypeReference",
                              "content": "long",
                              "children": []
                           },
                           {
                              "name": "LocalVariableReference",
                              "content": "b",
                              "children": [
                              {
                                 "name": "TypeReference",
                                 "content": "long",
                                 "children": []
                              }]
                           }]
                        }]
                     }]
                  },
                  {
                     "name": "While",
                     "children": [
                     {
                        "name": "BinaryOperator",
                        "content": ">",
                        "code": "(/Users/JMG/workspace/COMPPROJ/src/mini.java:6)",
                        "children": [
                        {
                           "name": "TypeReference",
                           "content": "boolean",
                           "children": []
                        },
                        {
                           "name": "VariableRead",
                           "code": "(/Users/JMG/workspace/COMPPROJ/src/mini.java:6)",
                           "children": [
                           {
                              "name": "TypeReference",
                              "content": "long",
                              "children": []
                           },
                           {
                              "name": "LocalVariableReference",
                              "content": "c",
                              "children": [
                              {
                                 "name": "TypeReference",
                                 "content": "long",
                                 "children": []
                              }]
                           }]
                        },
                        {
                           "name": "Literal",
                           "content": "0",
                           "code": "(/Users/JMG/workspace/COMPPROJ/src/mini.java:6)",
                           "children": [
                           {
                              "name": "TypeReference",
                              "content": "int",
                              "children": []
                           }]
                        }]
                     },
                     {
                        "name": "UnaryOperator",
                        "content": "_--",
                        "code": "(/Users/JMG/workspace/COMPPROJ/src/mini.java:7)",
                        "children": [
                        {
                           "name": "TypeReference",
                           "content": "long",
                           "children": []
                        },
                        {
                           "name": "VariableRead",
                           "code": "(/Users/JMG/workspace/COMPPROJ/src/mini.java:7)",
                           "children": [
                           {
                              "name": "TypeReference",
                              "content": "long",
                              "children": []
                           },
                           {
                              "name": "LocalVariableReference",
                              "content": "c",
                              "children": [
                              {
                                 "name": "TypeReference",
                                 "content": "long",
                                 "children": []
                              }]
                           }]
                        }]
                     }]
                  },
                  {
                     "name": "Return",
                     "code": "(/Users/JMG/workspace/COMPPROJ/src/mini.java:8)",
                     "children": [
                     {
                        "name": "VariableRead",
                        "code": "(/Users/JMG/workspace/COMPPROJ/src/mini.java:8)",
                        "children": [
                        {
                           "name": "TypeReference",
                           "content": "long",
                           "children": []
                        },
                        {
                           "name": "LocalVariableReference",
                           "content": "c",
                           "children": [
                           {
                              "name": "TypeReference",
                              "content": "long",
                              "children": []
                           }]
                        }]
                     }]
                  }]
               }]
            }]
         }]
      }]
   }]
}